nmi,ami,ari,f1,acc
0.9392783606489307,0.9392357636502021,0.9152765572298392,0.9478412905718834,0.953687382725877
