nmi,ami,ari,f1,acc
0.7805496550654979,0.7803923766262314,0.643338665023861,0.6379953898566534,0.693779496218798
