nmi,ami,ari,f1,acc
0.7990159655241059,0.7988755685799245,0.7068704700610224,0.7609352175372354,0.7833627110934213
