nmi,ami,ari,f1,acc
0.7097969002043377,0.7096567262245667,0.5574966448603687,0.5768042645448825,0.6182319696005246
