nmi,ami,ari,f1,acc
0.7753216194094551,0.7752128742999291,0.6178969542190346,0.610367786170443,0.6652585691414463
