nmi,ami,ari,f1,acc
0.7825609405900014,0.782456137318523,0.7088686302637128,0.6893778007279193,0.7537179561367976
