nmi,ami,ari,f1,acc
0.7350578643180092,0.7349302249145622,0.601286601076883,0.6501973787021479,0.6846054433578304
