nmi,ami,ari,f1,acc
0.61953294925156,0.6194899835593459,0.4639608600596928,0.5849562599900984,0.5949180646774925
