nmi,ami,ari,f1,acc
0.5939853902155869,0.5939376615440487,0.42254669804481865,0.5939057361909853,0.6194013950773962
