nmi,ami,ari,f1,acc
0.6063937088784557,0.6063491540115017,0.4368916638057718,0.6243692361557838,0.6129725523617197
